,0,1,2,3,4,5,6,7,8,9,10,11,12,13,14,15,16,17,18,19,20,21,22,23,24,25,26,27,28,29,30,31,32,33,34,35,36,37,38,39,40,41,42,43,44,45,46,47,48,49,50,51,52,53,54,55,56,57,58,59,60,61,62,63,64,65,66,67,68,69,70,71,72,73,74,75,76,77,78,79,80,81,82,83,84,85,86,87,88,89,90,91
0,,,,,,,,,,,,,,,,,,,,,,,,,,,,,,,,,,,,,,,,,,,,,,,,,,,,,,,,,,,,,,,,,,,,,,,,,,,,,,,,,,,,,,,,,,,,
1,,,,,,,,,,,,,,,,,,,,,,,,,,,,,,,,,,,,,,,,,,,,,,,,,,,,,,,,,,,,,,,,,,,,,,,,,,,,,,,,,,,,,,,,,,,,
2,,,,,,,,,,,,,,,,,,,,,,,,,,,,,,,,,,,,,,,,,,,,,,,,,,,,,,,,,,,,,,,,,,,,,,,,,,,,,,,,,,,,,,,,,,,,
3,,,,,,,,,,,,,,,,,,,,,,,,,,,,,,,,,,,,,,,,,,,,,,,,,,,,,,,,,,,,,,,,,,,,,,,,,,,,,,,,,,,,,,,,,,,,
4,,,,,,,,,,,,,,,,,,,,,,,,,,,,,,,,,,,,,,,,,,,,,,,,,,,,,,,,,,,,,,,,,,,,,,,,,,,,,,,,,,,,,,,,,,,,
5,,,,,,,,,,,,,,,,,,,,,,,,,,,,,,,,,,,,,,,,,,,,,,,,,,,,,,,,,,,,,,,,,,,,,,,,,,,,,,,,,,,,,,,,,,,,
6,,,,,,,,,,,,,,,,,,,,,,,,,,,,,,,,,,,,,,,,,,,,,,,,,,,,,,,,,,,,,,,,,,,,,,,,,,,,,,,,,,,,,,,,,,,,
7,,,,,,,,,,,,,,,,,,,,,,,,,,,,,,,,,,,,,,,,,,,,,,,,,,,,,,,,,,,,,,,,,,,,,,,,,,,,,,,,,,,,,,,,,,,,
8,,,,,,,,,,,,,,,,,,,,,,,,,,,,,,,,,,,,,,-73.64955,-72.26151,-71.48145,-70.94597,-70.55843,-70.276825,-70.07912,-69.9529,-69.89134,-69.89134,-69.9529,-70.07912,-70.276825,-70.55843,-70.94597,-71.48145,-72.26151,-73.64955,,,,,,,,,,,,,,,,,,,,,,,,,,,,,,,,,,,,,
9,,,,,,,,,,,,,,,,,,,,,,,,,,,,,,,,,,-69.39668,-68.043976,-67.247185,-66.67092,-66.22545,-65.87087,-65.585526,-65.356255,-65.174515,-65.0346,-64.93259,-64.8659,-64.83293,-64.83293,-64.8659,-64.93259,-65.0346,-65.174515,-65.356255,-65.585526,-65.87087,-66.22545,-66.67092,-67.247185,-68.043976,-69.39668,,,,,,,,,,,,,,,,,,,,,,,,,,,,,,,,,
10,,,,,,,,,,,,,,,,,,,,,,,,,,,,,,,-66.03194,-64.70347,-63.918545,-63.341595,-62.886204,-62.514294,-62.20512,-61.946037,-61.72865,-61.54715,-61.397392,-61.27634,-61.1818,-61.112164,-61.06632,-61.043568,-61.043568,-61.06632,-61.112164,-61.1818,-61.27634,-61.397392,-61.54715,-61.72865,-61.946037,-62.20512,-62.514294,-62.886204,-63.341595,-63.918545,-64.70347,-66.03194,,,,,,,,,,,,,,,,,,,,,,,,,,,,,,
11,,,,,,,,,,,,,,,,,,,,,,,,,,,,,-62.372322,-61.413723,-60.75864,-60.252422,-59.84058,-59.4962,-59.203735,-58.95325,-58.737972,-58.553112,-58.395115,-58.261314,-58.149693,-58.058697,-57.98717,-57.93423,-57.89927,-57.88188,-57.88188,-57.89927,-57.93423,-57.98717,-58.058697,-58.149693,-58.261314,-58.395115,-58.553112,-58.737972,-58.95325,-59.203735,-59.4962,-59.84058,-60.252422,-60.75864,-61.413723,-62.372322,,,,,,,,,,,,,,,,,,,,,,,,,,,,
12,,,,,,,,,,,,,,,,,,,,,,,,,,,-59.599304,-58.724922,-58.111397,-57.630386,-57.23444,-56.89967,-56.61214,-56.362793,-56.145435,-55.95561,-55.78999,-55.646084,-55.521927,-55.415993,-55.327087,-55.254265,-55.19681,-55.154175,-55.12596,-55.111916,-55.111916,-55.12596,-55.154175,-55.19681,-55.254265,-55.327087,-55.415993,-55.521927,-55.646084,-55.78999,-55.95561,-56.145435,-56.362793,-56.61214,-56.89967,-57.23444,-57.630386,-58.111397,-58.724922,-59.599304,,,,,,,,,,,,,,,,,,,,,,,,,,
13,,,,,,,,,,,,,,,,,,,,,,,,,-57.320293,-56.422054,-55.80677,-55.326813,-54.93154,-54.59631,-54.306915,-54.054264,-53.8322,-53.63626,-53.463146,-53.310345,-53.17588,-53.058228,-52.956146,-52.86864,-52.794926,-52.734364,-52.686474,-52.650867,-52.627274,-52.615524,-52.615524,-52.627274,-52.650867,-52.686474,-52.734364,-52.794926,-52.86864,-52.956146,-53.058228,-53.17588,-53.310345,-53.463146,-53.63626,-53.8322,-54.054264,-54.306915,-54.59631,-54.93154,-55.326813,-55.80677,-56.422054,-57.320293,,,,,,,,,,,,,,,,,,,,,,,,
14,,,,,,,,,,,,,,,,,,,,,,,-55.470882,-54.417316,-53.762238,-53.263897,-52.85747,-52.51403,-52.21758,-51.95821,-51.72929,-51.526096,-51.345203,-51.183964,-51.040337,-50.912712,-50.79978,-50.700516,-50.614063,-50.539722,-50.476933,-50.42524,-50.384296,-50.353817,-50.333603,-50.32353,-50.32353,-50.333603,-50.353817,-50.384296,-50.42524,-50.476933,-50.539722,-50.614063,-50.700516,-50.79978,-50.912712,-51.040337,-51.183964,-51.345203,-51.526096,-51.72929,-51.95821,-52.21758,-52.51403,-52.85747,-53.263897,-53.762238,-54.417316,-55.470882,,,,,,,,,,,,,,,,,,,,,,
15,,,,,,,,,,,,,,,,,,,,,,-52.69253,-51.938232,-51.398293,-50.96823,-50.60884,-50.300247,-50.030773,-49.792797,-49.581066,-49.391773,-49.22205,-49.069714,-48.93303,-48.8106,-48.70131,-48.60423,-48.518623,-48.443863,-48.37943,-48.32491,-48.279953,-48.2443,-48.217735,-48.20011,-48.191322,-48.191322,-48.20011,-48.217735,-48.2443,-48.279953,-48.32491,-48.37943,-48.443863,-48.518623,-48.60423,-48.70131,-48.8106,-48.93303,-49.069714,-49.22205,-49.391773,-49.581066,-49.792797,-50.030773,-50.300247,-50.60884,-50.96823,-51.398293,-51.938232,-52.69253,,,,,,,,,,,,,,,,,,,,,
16,,,,,,,,,,,,,,,,,,,,-51.3677,-50.331333,-49.70959,-49.23825,-48.853153,-48.52642,-48.2429,-47.993256,-47.771297,-47.572613,-47.393974,-47.23292,-47.08753,-46.9563,-46.837994,-46.73161,-46.636326,-46.55145,-46.47642,-46.410767,-46.354084,-46.306053,-46.266407,-46.234932,-46.211464,-46.19589,-46.188118,-46.188118,-46.19589,-46.211464,-46.234932,-46.266407,-46.306053,-46.354084,-46.410767,-46.47642,-46.55145,-46.636326,-46.73161,-46.837994,-46.9563,-47.08753,-47.23292,-47.393974,-47.572613,-47.771297,-47.993256,-48.2429,-48.52642,-48.853153,-49.23825,-49.70959,-50.331333,-51.3677,,,,,,,,,,,,,,,,,,,
17,,,,,,,,,,,,,,,,,,,-49.014496,-48.202084,-47.657207,-47.231323,-46.877953,-46.575127,-46.31042,-46.07597,-45.866417,-45.677975,-45.50778,-45.353645,-45.213863,-45.087055,-44.972126,-44.868156,-44.774384,-44.69018,-44.615017,-44.54845,-44.490105,-44.439667,-44.39688,-44.36153,-44.333447,-44.312496,-44.298584,-44.29164,-44.29164,-44.298584,-44.312496,-44.333447,-44.36153,-44.39688,-44.439667,-44.490105,-44.54845,-44.615017,-44.69018,-44.774384,-44.868156,-44.972126,-45.087055,-45.213863,-45.353645,-45.50778,-45.677975,-45.866417,-46.07597,-46.31042,-46.575127,-46.877953,-47.231323,-47.657207,-48.202084,-49.014496,,,,,,,,,,,,,,,,,,
18,,,,,,,,,,,,,,,,,,-46.937572,-46.23443,-45.739193,-45.34533,-45.015278,-44.730576,-44.48043,-44.257915,-44.058277,-43.878063,-43.714725,-43.56626,-43.431103,-43.307995,-43.1959,-43.093987,-43.00154,-42.917973,-42.842785,-42.775547,-42.715916,-42.663586,-42.6183,-42.57985,-42.548054,-42.52278,-42.50392,-42.49139,-42.485138,-42.485138,-42.49139,-42.50392,-42.52278,-42.548054,-42.57985,-42.6183,-42.663586,-42.715916,-42.775547,-42.842785,-42.917973,-43.00154,-43.093987,-43.1959,-43.307995,-43.431103,-43.56626,-43.714725,-43.878063,-44.058277,-44.257915,-44.48043,-44.730576,-45.015278,-45.34533,-45.739193,-46.23443,-46.937572,,,,,,,,,,,,,,,,,
19,,,,,,,,,,,,,,,,,-45.03027,-44.390236,-43.92869,-43.558044,-43.24564,-42.97496,-42.73632,-42.523384,-42.331787,-42.15835,-42.000687,-41.85696,-41.725704,-41.605736,-41.496094,-41.39597,-41.304718,-41.22177,-41.14665,-41.07895,-41.018326,-40.964497,-40.91721,-40.87625,-40.84145,-40.812656,-40.78976,-40.772663,-40.761303,-40.755634,-40.755634,-40.761303,-40.772663,-40.78976,-40.812656,-40.84145,-40.87625,-40.91721,-40.964497,-41.018326,-41.07895,-41.14665,-41.22177,-41.304718,-41.39597,-41.496094,-41.605736,-41.725704,-41.85696,-42.000687,-42.15835,-42.331787,-42.523384,-42.73632,-42.97496,-43.24564,-43.558044,-43.92869,-44.390236,-45.03027,,,,,,,,,,,,,,,,
20,,,,,,,,,,,,,,,,-43.24826,-42.645508,-42.207027,-41.853386,-41.55443,-41.29479,-41.065346,-40.860203,-40.675236,-40.507442,-40.354572,-40.214863,-40.08695,-39.969704,-39.862206,-39.763702,-39.673542,-39.591206,-39.51623,-39.44823,-39.38687,-39.33186,-39.282967,-39.239975,-39.202717,-39.171036,-39.14481,-39.123947,-39.108368,-39.09801,-39.092842,-39.092842,-39.09801,-39.108368,-39.123947,-39.14481,-39.171036,-39.202717,-39.239975,-39.282967,-39.33186,-39.38687,-39.44823,-39.51623,-39.591206,-39.673542,-39.763702,-39.862206,-39.969704,-40.08695,-40.214863,-40.354572,-40.507442,-40.675236,-40.860203,-41.065346,-41.29479,-41.55443,-41.853386,-42.207027,-42.645508,-43.24826,,,,,,,,,,,,,,,
21,,,,,,,,,,,,,,,-41.567135,-40.983868,-40.560513,-40.219154,-39.930428,-39.679455,-39.457455,-39.258694,-39.079243,-38.916206,-38.767414,-38.631184,-38.506172,-38.391327,-38.285748,-38.188705,-38.099586,-38.017864,-37.943115,-37.87495,-37.813046,-37.757126,-37.706947,-37.66231,-37.623035,-37.588974,-37.559998,-37.536003,-37.516907,-37.50264,-37.493156,-37.488426,-37.488426,-37.493156,-37.50264,-37.516907,-37.536003,-37.559998,-37.588974,-37.623035,-37.66231,-37.706947,-37.757126,-37.813046,-37.87495,-37.943115,-38.017864,-38.099586,-38.188705,-38.285748,-38.391327,-38.506172,-38.631184,-38.767414,-38.916206,-39.079243,-39.258694,-39.457455,-39.679455,-39.930428,-40.219154,-40.560513,-40.983868,-41.567135,,,,,,,,,,,,,,
22,,,,,,,,,,,,,,-39.972733,-39.393566,-38.978863,-38.645878,-38.36475,-38.12054,-37.90451,-37.711025,-37.536182,-37.37719,-37.23191,-37.0987,-36.97627,-36.863552,-36.75971,-36.66402,-36.57589,-36.494812,-36.420345,-36.35214,-36.289867,-36.233257,-36.18207,-36.1361,-36.09518,-36.059155,-36.027893,-36.00129,-35.979248,-35.961704,-35.948593,-35.939877,-35.935528,-35.935528,-35.939877,-35.948593,-35.961704,-35.979248,-36.00129,-36.027893,-36.059155,-36.09518,-36.1361,-36.18207,-36.233257,-36.289867,-36.35214,-36.420345,-36.494812,-36.57589,-36.66402,-36.75971,-36.863552,-36.97627,-37.0987,-37.23191,-37.37719,-37.536182,-37.711025,-37.90451,-38.12054,-38.36475,-38.645878,-38.978863,-39.393566,-39.972733,,,,,,,,,,,,,
23,,,,,,,,,,,,,-38.458008,-37.866264,-37.454056,-37.126053,-36.85023,-36.611145,-36.39986,-36.210693,-36.03974,-35.884186,-35.74195,-35.6114,-35.491257,-35.38048,-35.27823,-35.183815,-35.09664,-35.016216,-34.942112,-34.873966,-34.811474,-34.754364,-34.702396,-34.655373,-34.613113,-34.57547,-34.542313,-34.51353,-34.489025,-34.468716,-34.452545,-34.44046,-34.432426,-34.428413,-34.428413,-34.432426,-34.44046,-34.452545,-34.468716,-34.489025,-34.51353,-34.542313,-34.57547,-34.613113,-34.655373,-34.702396,-34.754364,-34.811474,-34.873966,-34.942112,-35.016216,-35.09664,-35.183815,-35.27823,-35.38048,-35.491257,-35.6114,-35.74195,-35.884186,-36.03974,-36.210693,-36.39986,-36.611145,-36.85023,-37.126053,-37.454056,-37.866264,-38.458008,,,,,,,,,,,,
24,,,,,,,,,,,,-37.024353,-36.39625,-35.979984,-35.653595,-35.381016,-35.14557,-34.937954,-34.752277,-34.584564,-34.431973,-34.292377,-34.16418,-34.046093,-33.937088,-33.83633,-33.743114,-33.656883,-33.577133,-33.503452,-33.435474,-33.372894,-33.315445,-33.2629,-33.21505,-33.171722,-33.13276,-33.098038,-33.06744,-33.040867,-33.018234,-32.999474,-32.98453,-32.973366,-32.96594,-32.962227,-32.962227,-32.96594,-32.973366,-32.98453,-32.999474,-33.018234,-33.040867,-33.06744,-33.098038,-33.13276,-33.171722,-33.21505,-33.2629,-33.315445,-33.372894,-33.435474,-33.503452,-33.577133,-33.656883,-33.743114,-33.83633,-33.937088,-34.046093,-34.16418,-34.292377,-34.431973,-34.584564,-34.752277,-34.937954,-35.14557,-35.381016,-35.653595,-35.979984,-36.39625,-37.024353,,,,,,,,,,,
25,,,,,,,,,,,-35.693176,-34.98052,-34.552055,-34.223682,-33.95223,-33.71907,-33.51411,-33.331184,-33.16614,-33.016068,-32.8788,-32.752686,-32.636463,-32.529087,-32.429726,-32.337685,-32.252377,-32.173332,-32.10013,-32.032406,-31.969864,-31.912228,-31.859278,-31.810806,-31.766638,-31.72662,-31.690615,-31.658514,-31.630213,-31.605627,-31.584682,-31.567316,-31.553484,-31.543142,-31.536263,-31.532827,-31.532827,-31.536263,-31.543142,-31.553484,-31.567316,-31.584682,-31.605627,-31.630213,-31.658514,-31.690615,-31.72662,-31.766638,-31.810806,-31.859278,-31.912228,-31.969864,-32.032406,-32.10013,-32.173332,-32.252377,-32.337685,-32.429726,-32.529087,-32.636463,-32.752686,-32.8788,-33.016068,-33.16614,-33.331184,-33.51411,-33.71907,-33.95223,-34.223682,-34.552055,-34.98052,-35.693176,,,,,,,,,,
26,,,,,,,,,,-34.741253,-33.619698,-33.167107,-32.83247,-32.559887,-32.327587,-32.124348,-31.943459,-31.780571,-31.632616,-31.497366,-31.373135,-31.258602,-31.152744,-31.054707,-30.963793,-30.879425,-30.801111,-30.728443,-30.661066,-30.598667,-30.540985,-30.487785,-30.438873,-30.39407,-30.353218,-30.316187,-30.282856,-30.253124,-30.226904,-30.204119,-30.184704,-30.168602,-30.155773,-30.146181,-30.139801,-30.136616,-30.136616,-30.139801,-30.146181,-30.155773,-30.168602,-30.184704,-30.204119,-30.226904,-30.253124,-30.282856,-30.316187,-30.353218,-30.39407,-30.438873,-30.487785,-30.540985,-30.598667,-30.661066,-30.728443,-30.801111,-30.879425,-30.963793,-31.054707,-31.152744,-31.258602,-31.373135,-31.497366,-31.632616,-31.780571,-31.943459,-32.124348,-32.327587,-32.559887,-32.83247,-33.167107,-33.619698,-34.741253,,,,,,,,,
27,,,,,,,,,,-32.32156,-31.823744,-31.477083,-31.200716,-30.967745,-30.76522,-30.585712,-30.424467,-30.278267,-30.14476,-30.0222,-29.909233,-29.804787,-29.708017,-29.618212,-29.534786,-29.457245,-29.38517,-29.318214,-29.256067,-29.19846,-29.145163,-29.09597,-29.050713,-29.009233,-28.971394,-28.937077,-28.906176,-28.878603,-28.854279,-28.833136,-28.815115,-28.800167,-28.788256,-28.779348,-28.773424,-28.770466,-28.770466,-28.773424,-28.779348,-28.788256,-28.800167,-28.815115,-28.833136,-28.854279,-28.878603,-28.906176,-28.937077,-28.971394,-29.009233,-29.050713,-29.09597,-29.145163,-29.19846,-29.256067,-29.318214,-29.38517,-29.457245,-29.534786,-29.618212,-29.708017,-29.804787,-29.909233,-30.0222,-30.14476,-30.278267,-30.424467,-30.585712,-30.76522,-30.967745,-31.200716,-31.477083,-31.823744,-32.32156,,,,,,,,,
28,,,,,,,,,-31.118036,-30.523024,-30.155693,-29.872116,-29.63669,-29.4338,-29.25494,-29.094868,-28.950054,-28.818037,-28.696964,-28.585428,-28.482328,-28.386774,-28.298061,-28.215588,-28.138855,-28.067442,-28.000984,-27.939184,-27.88177,-27.828505,-27.77919,-27.733644,-27.69172,-27.653273,-27.618183,-27.586348,-27.55767,-27.532076,-27.50949,-27.489853,-27.47311,-27.459223,-27.448154,-27.439878,-27.43437,-27.431622,-27.431622,-27.43437,-27.439878,-27.448154,-27.459223,-27.47311,-27.489853,-27.50949,-27.532076,-27.55767,-27.586348,-27.618183,-27.653273,-27.69172,-27.733644,-27.77919,-27.828505,-27.88177,-27.939184,-28.000984,-28.067442,-28.138855,-28.215588,-28.298061,-28.386774,-28.482328,-28.585428,-28.696964,-28.818037,-28.950054,-29.094868,-29.25494,-29.4338,-29.63669,-29.872116,-30.155693,-30.523024,-31.118036,,,,,,,,
29,,,,,,,,,-29.27129,-28.867773,-28.572212,-28.332071,-28.127554,-27.94856,-27.789125,-27.645363,-27.514574,-27.394814,-27.284592,-27.182758,-27.088398,-27.000767,-26.919264,-26.84338,-26.772684,-26.706814,-26.645452,-26.588339,-26.535234,-26.485935,-26.440262,-26.398056,-26.359184,-26.32352,-26.29096,-26.261408,-26.23478,-26.211004,-26.190022,-26.171772,-26.156212,-26.143303,-26.133013,-26.125317,-26.120195,-26.117638,-26.117638,-26.120195,-26.125317,-26.133013,-26.143303,-26.156212,-26.171772,-26.190022,-26.211004,-26.23478,-26.261408,-26.29096,-26.32352,-26.359184,-26.398056,-26.440262,-26.485935,-26.535234,-26.588339,-26.645452,-26.706814,-26.772684,-26.84338,-26.919264,-27.000767,-27.088398,-27.182758,-27.284592,-27.394814,-27.514574,-27.645363,-27.789125,-27.94856,-28.127554,-28.332071,-28.572212,-28.867773,-29.27129,,,,,,,,
30,,,,,,,,-28.090633,-27.615154,-27.29995,-27.05208,-26.844357,-26.664316,-26.50494,-26.36184,-26.23204,-26.113415,-26.004396,-25.903765,-25.810562,-25.724022,-25.64351,-25.568518,-25.498602,-25.433392,-25.372572,-25.315863,-25.263039,-25.213888,-25.16823,-25.125906,-25.086775,-25.05072,-25.017628,-24.987402,-24.95996,-24.935226,-24.91314,-24.893639,-24.876678,-24.862213,-24.850212,-24.840643,-24.833487,-24.828724,-24.826347,-24.826347,-24.828724,-24.833487,-24.840643,-24.850212,-24.862213,-24.876678,-24.893639,-24.91314,-24.935226,-24.95996,-24.987402,-25.017628,-25.05072,-25.086775,-25.125906,-25.16823,-25.213888,-25.263039,-25.315863,-25.372572,-25.433392,-25.498602,-25.568518,-25.64351,-25.724022,-25.810562,-25.903765,-26.004396,-26.113415,-26.23204,-26.36184,-26.50494,-26.664316,-26.844357,-27.05208,-27.29995,-27.615154,-28.090633,,,,,,,
31,,,,,,,-27.146622,-26.404583,-26.055613,-25.795444,-25.582468,-25.400234,-25.240248,-25.097383,-24.968294,-24.850643,-24.742712,-24.64322,-24.551153,-24.465704,-24.386223,-24.312164,-24.243093,-24.178625,-24.118433,-24.062244,-24.009813,-23.960938,-23.915432,-23.873138,-23.833912,-23.797628,-23.764183,-23.733477,-23.705421,-23.679941,-23.656971,-23.636452,-23.618334,-23.602571,-23.589128,-23.57797,-23.569077,-23.562422,-23.557995,-23.555784,-23.555784,-23.557995,-23.562422,-23.569077,-23.57797,-23.589128,-23.602571,-23.618334,-23.636452,-23.656971,-23.679941,-23.705421,-23.733477,-23.764183,-23.797628,-23.833912,-23.873138,-23.915432,-23.960938,-24.009813,-24.062244,-24.118433,-24.178625,-24.243093,-24.312164,-24.386223,-24.465704,-24.551153,-24.64322,-24.742712,-24.850643,-24.968294,-25.097383,-25.240248,-25.400234,-25.582468,-25.795444,-26.055613,-26.404583,-27.146622,,,,,,
32,,,,,,,-25.258656,-24.841866,-24.561794,-24.340557,-24.15468,-23.993238,-23.850115,-23.72143,-23.604555,-23.497614,-23.399197,-23.308243,-23.223896,-23.145472,-23.072412,-23.004248,-22.9406,-22.881134,-22.825563,-22.773647,-22.725168,-22.67995,-22.637827,-22.598656,-22.56231,-22.528677,-22.497663,-22.46918,-22.443148,-22.4195,-22.398176,-22.379124,-22.362299,-22.347658,-22.33517,-22.324806,-22.316542,-22.310358,-22.306246,-22.30419,-22.30419,-22.306246,-22.310358,-22.316542,-22.324806,-22.33517,-22.347658,-22.362299,-22.379124,-22.398176,-22.4195,-22.443148,-22.46918,-22.497663,-22.528677,-22.56231,-22.598656,-22.637827,-22.67995,-22.725168,-22.773647,-22.825563,-22.881134,-22.9406,-23.004248,-23.072412,-23.145472,-23.223896,-23.308243,-23.399197,-23.497614,-23.604555,-23.72143,-23.850115,-23.993238,-24.15468,-24.340557,-24.561794,-24.841866,-25.258656,,,,,,
33,,,,,,-24.38966,-23.667118,-23.35212,-23.117903,-22.926289,-22.762339,-22.618334,-22.489689,-22.373377,-22.267294,-22.169907,-22.080042,-21.996809,-21.91948,-21.84747,-21.780294,-21.717548,-21.658901,-21.604055,-21.552765,-21.504814,-21.460009,-21.418194,-21.379223,-21.342964,-21.30931,-21.278156,-21.249418,-21.223017,-21.198883,-21.176954,-21.157175,-21.1395,-21.123888,-21.110302,-21.098713,-21.089092,-21.08142,-21.075682,-21.071861,-21.069954,-21.069954,-21.071861,-21.075682,-21.08142,-21.089092,-21.098713,-21.110302,-21.123888,-21.1395,-21.157175,-21.176954,-21.198883,-21.223017,-21.249418,-21.278156,-21.30931,-21.342964,-21.379223,-21.418194,-21.460009,-21.504814,-21.552765,-21.604055,-21.658901,-21.717548,-21.780294,-21.84747,-21.91948,-21.996809,-22.080042,-22.169907,-22.267294,-22.373377,-22.489689,-22.618334,-22.762339,-22.926289,-23.117903,-23.35212,-23.667118,-24.38966,,,,,
34,,,,,,-22.561285,-22.170313,-21.91468,-21.71416,-21.546196,-21.400536,-21.271475,-21.15547,-21.050106,-20.953672,-20.864893,-20.782785,-20.706593,-20.635693,-20.569578,-20.507832,-20.450096,-20.396086,-20.345537,-20.298231,-20.253977,-20.212605,-20.173973,-20.137953,-20.104427,-20.073298,-20.04447,-20.017872,-19.993431,-19.971083,-19.950771,-19.932447,-19.916073,-19.901606,-19.889015,-19.878271,-19.869354,-19.862242,-19.856922,-19.85338,-19.851612,-19.851612,-19.85338,-19.856922,-19.862242,-19.869354,-19.878271,-19.889015,-19.901606,-19.916073,-19.932447,-19.950771,-19.971083,-19.993431,-20.017872,-20.04447,-20.073298,-20.104427,-20.137953,-20.173973,-20.212605,-20.253977,-20.298231,-20.345537,-20.396086,-20.450096,-20.507832,-20.569578,-20.635693,-20.706593,-20.782785,-20.864893,-20.953672,-21.050106,-21.15547,-21.271475,-21.400536,-21.546196,-21.71416,-21.91468,-22.170313,-22.561285,,,,,
35,,,,,,-21.02838,-20.732763,-20.518003,-20.3438,-20.195383,-20.065342,-19.949314,-19.844501,-19.748941,-19.66122,-19.580269,-19.505255,-19.435532,-19.37056,-19.309902,-19.253193,-19.20012,-19.150433,-19.103897,-19.06032,-19.019531,-18.98138,-18.945742,-18.912497,-18.881544,-18.852795,-18.826164,-18.801586,-18.778994,-18.758333,-18.739552,-18.722607,-18.70746,-18.694077,-18.682428,-18.67249,-18.664236,-18.657656,-18.65273,-18.649454,-18.647818,-18.647818,-18.649454,-18.65273,-18.657656,-18.664236,-18.67249,-18.682428,-18.694077,-18.70746,-18.722607,-18.739552,-18.758333,-18.778994,-18.801586,-18.826164,-18.852795,-18.881544,-18.912497,-18.945742,-18.98138,-19.019531,-19.06032,-19.103897,-19.150433,-19.20012,-19.253193,-19.309902,-19.37056,-19.435532,-19.505255,-19.580269,-19.66122,-19.748941,-19.844501,-19.949314,-20.065342,-20.195383,-20.3438,-20.518003,-20.732763,-21.02838,,,,,
36,,,,,-19.98001,-19.57814,-19.338617,-19.154564,-19.001787,-18.869959,-18.75351,-18.649021,-18.55424,-18.46755,-18.38777,-18.313995,-18.245514,-18.181774,-18.122305,-18.066727,-18.01472,-17.966011,-17.920374,-17.877605,-17.837534,-17.800009,-17.764894,-17.73208,-17.701458,-17.67294,-17.64644,-17.621891,-17.599226,-17.57839,-17.55933,-17.542002,-17.526365,-17.512386,-17.500032,-17.489279,-17.480103,-17.472485,-17.466408,-17.46186,-17.458836,-17.457323,-17.457323,-17.458836,-17.46186,-17.466408,-17.472485,-17.480103,-17.489279,-17.500032,-17.512386,-17.526365,-17.542002,-17.55933,-17.57839,-17.599226,-17.621891,-17.64644,-17.67294,-17.701458,-17.73208,-17.764894,-17.800009,-17.837534,-17.877605,-17.920374,-17.966011,-18.01472,-18.066727,-18.122305,-18.181774,-18.245514,-18.313995,-18.38777,-18.46755,-18.55424,-18.649021,-18.75351,-18.869959,-19.001787,-19.154564,-19.338617,-19.57814,-19.98001,,,,
37,,,,,-18.471106,-18.179218,-17.978645,-17.818972,-17.68419,-17.566734,-17.462303,-17.36816,-17.282465,-17.203875,-17.131392,-17.064245,-17.001827,-16.943655,-16.889324,-16.838503,-16.790907,-16.746298,-16.704475,-16.665262,-16.628504,-16.594065,-16.561827,-16.531689,-16.503555,-16.477346,-16.452988,-16.430414,-16.40957,-16.390406,-16.372871,-16.356926,-16.342537,-16.32967,-16.3183,-16.308401,-16.299953,-16.292938,-16.287344,-16.283157,-16.28037,-16.278978,-16.278978,-16.28037,-16.283157,-16.287344,-16.292938,-16.299953,-16.308401,-16.3183,-16.32967,-16.342537,-16.356926,-16.372871,-16.390406,-16.40957,-16.430414,-16.452988,-16.477346,-16.503555,-16.531689,-16.561827,-16.594065,-16.628504,-16.665262,-16.704475,-16.746298,-16.790907,-16.838503,-16.889324,-16.943655,-17.001827,-17.064245,-17.131392,-17.203875,-17.282465,-17.36816,-17.462303,-17.566734,-17.68419,-17.818972,-17.978645,-18.179218,-18.471106,,,,
38,,,,,-17.04997,-16.817745,-16.646671,-16.507118,-16.387817,-16.283031,-16.189367,-16.104605,-16.02722,-15.956085,-15.890357,-15.829376,-15.772615,-15.719659,-15.670153,-15.623805,-15.580371,-15.539635,-15.501425,-15.465579,-15.431963,-15.400455,-15.370951,-15.343359,-15.317596,-15.29359,-15.271273,-15.2505865,-15.231482,-15.213912,-15.197835,-15.183214,-15.170016,-15.1582155,-15.147785,-15.138704,-15.130954,-15.124517,-15.119384,-15.115543,-15.112987,-15.111709,-15.111709,-15.112987,-15.115543,-15.119384,-15.124517,-15.130954,-15.138704,-15.147785,-15.1582155,-15.170016,-15.183214,-15.197835,-15.213912,-15.231482,-15.2505865,-15.271273,-15.29359,-15.317596,-15.343359,-15.370951,-15.400455,-15.431963,-15.465579,-15.501425,-15.539635,-15.580371,-15.623805,-15.670153,-15.719659,-15.772615,-15.829376,-15.890357,-15.956085,-16.02722,-16.104605,-16.189367,-16.283031,-16.387817,-16.507118,-16.646671,-16.817745,-17.04997,,,,
39,,,,-16.000248,-15.677505,-15.485646,-15.338177,-15.215721,-15.109995,-15.016544,-14.932642,-14.856465,-14.786746,-14.722531,-14.663101,-14.607889,-14.556441,-14.508395,-14.463443,-14.421329,-14.381836,-14.344777,-14.3099985,-14.277358,-14.246736,-14.218025,-14.19113,-14.165972,-14.142475,-14.120574,-14.100211,-14.081332,-14.063894,-14.047854,-14.033175,-14.019824,-14.0077715,-13.996993,-13.987466,-13.979171,-13.97209,-13.966209,-13.961519,-13.95801,-13.955674,-13.954507,-13.954507,-13.955674,-13.95801,-13.961519,-13.966209,-13.97209,-13.979171,-13.987466,-13.996993,-14.0077715,-14.019824,-14.033175,-14.047854,-14.063894,-14.081332,-14.100211,-14.120574,-14.142475,-14.165972,-14.19113,-14.218025,-14.246736,-14.277358,-14.3099985,-14.344777,-14.381836,-14.421329,-14.463443,-14.508395,-14.556441,-14.607889,-14.663101,-14.722531,-14.786746,-14.856465,-14.932642,-15.016544,-15.109995,-15.215721,-15.338177,-15.485646,-15.677505,-16.000248,,,
40,,,,-14.579849,-14.339098,-14.177494,-14.049658,-13.942069,-13.848445,-13.765262,-13.690302,-13.622058,-13.559465,-13.501716,-13.4481945,-13.398415,-13.351983,-13.308585,-13.267952,-13.229861,-13.194121,-13.160568,-13.129065,-13.099487,-13.071729,-13.045695,-13.0213,-12.998476,-12.977154,-12.957275,-12.93879,-12.921649,-12.905813,-12.891245,-12.877912,-12.865783,-12.854832,-12.845038,-12.836382,-12.828843,-12.822408,-12.817064,-12.812801,-12.809611,-12.8074875,-12.806427,-12.806427,-12.8074875,-12.809611,-12.812801,-12.817064,-12.822408,-12.828843,-12.836382,-12.845038,-12.854832,-12.865783,-12.877912,-12.891245,-12.905813,-12.921649,-12.93879,-12.957275,-12.977154,-12.998476,-13.0213,-13.045695,-13.071729,-13.099487,-13.129065,-13.160568,-13.194121,-13.229861,-13.267952,-13.308585,-13.351983,-13.398415,-13.4481945,-13.501716,-13.559465,-13.622058,-13.690302,-13.765262,-13.848445,-13.942069,-14.049658,-14.177494,-14.339098,-14.579849,,,
41,,,,-13.218837,-13.026771,-12.889293,-12.778274,-12.683857,-12.601172,-12.527394,-12.460704,-12.399848,-12.343928,-12.292261,-12.244318,-12.199682,-12.158012,-12.119037,-12.082521,-12.048271,-12.01612,-11.985922,-11.957559,-11.930921,-11.905912,-11.882451,-11.860462,-11.839883,-11.820655,-11.802727,-11.78605,-11.770585,-11.756295,-11.743148,-11.731113,-11.720165,-11.710279,-11.701438,-11.693622,-11.686815,-11.681005,-11.676179,-11.672329,-11.669448,-11.667531,-11.666573,-11.666573,-11.667531,-11.669448,-11.672329,-11.676179,-11.681005,-11.686815,-11.693622,-11.701438,-11.710279,-11.720165,-11.731113,-11.743148,-11.756295,-11.770585,-11.78605,-11.802727,-11.820655,-11.839883,-11.860462,-11.882451,-11.905912,-11.930921,-11.957559,-11.985922,-12.01612,-12.048271,-12.082521,-12.119037,-12.158012,-12.199682,-12.244318,-12.292261,-12.343928,-12.399848,-12.460704,-12.527394,-12.601172,-12.683857,-12.778274,-12.889293,-13.026771,-13.218837,,,
42,,,-12.252765,-11.892805,-11.735317,-11.61792,-11.521644,-11.439087,-11.366414,-11.301338,-11.242362,-11.188437,-11.13881,-11.092899,-11.050253,-11.010514,-10.973388,-10.938641,-10.906069,-10.875502,-10.846796,-10.819824,-10.794482,-10.770675,-10.748318,-10.727339,-10.707671,-10.689262,-10.672058,-10.6560135,-10.6410885,-10.627245,-10.614452,-10.602681,-10.591905,-10.5821,-10.573247,-10.565329,-10.558327,-10.55223,-10.547025,-10.542702,-10.539253,-10.536673,-10.534954,-10.534096,-10.534096,-10.534954,-10.536673,-10.539253,-10.542702,-10.547025,-10.55223,-10.558327,-10.565329,-10.573247,-10.5821,-10.591905,-10.602681,-10.614452,-10.627245,-10.6410885,-10.6560135,-10.672058,-10.689262,-10.707671,-10.727339,-10.748318,-10.770675,-10.794482,-10.819824,-10.846796,-10.875502,-10.906069,-10.938641,-10.973388,-11.010514,-11.050253,-11.092899,-11.13881,-11.188437,-11.242362,-11.301338,-11.366414,-11.439087,-11.521644,-11.61792,-11.735317,-11.892805,-12.252765,,
43,,,-10.81535,-10.5916,-10.460959,-10.36082,-10.27772,-10.205991,-10.142581,-10.085631,-10.033908,-9.986535,-9.94288,-9.90245,-9.864861,-9.829807,-9.797039,-9.766353,-9.737573,-9.710554,-9.685171,-9.661313,-9.63889,-9.617819,-9.598027,-9.579452,-9.562035,-9.545728,-9.530487,-9.516271,-9.503044,-9.490775,-9.479437,-9.469002,-9.459449,-9.450756,-9.442906,-9.435885,-9.429677,-9.42427,-9.419654,-9.41582,-9.412762,-9.410473,-9.408949,-9.408188,-9.408188,-9.408949,-9.410473,-9.412762,-9.41582,-9.419654,-9.42427,-9.429677,-9.435885,-9.442906,-9.450756,-9.459449,-9.469002,-9.479437,-9.490775,-9.503044,-9.516271,-9.530487,-9.545728,-9.562035,-9.579452,-9.598027,-9.617819,-9.63889,-9.661313,-9.685171,-9.710554,-9.737573,-9.766353,-9.797039,-9.829807,-9.864861,-9.90245,-9.94288,-9.986535,-10.033908,-10.085631,-10.142581,-10.205991,-10.27772,-10.36082,-10.460959,-10.5916,-10.81535,,
44,,,-9.478394,-9.309346,-9.200758,-9.115829,-9.044703,-8.982981,-8.928227,-8.878932,-8.834079,-8.79294,-8.754987,-8.719804,-8.68707,-8.656524,-8.627953,-8.601185,-8.57607,-8.552483,-8.530316,-8.509476,-8.489884,-8.471469,-8.454168,-8.437928,-8.422697,-8.408437,-8.395105,-8.3826685,-8.371098,-8.360362,-8.35044,-8.341308,-8.332947,-8.325338,-8.318468,-8.312321,-8.306887,-8.302153,-8.298112,-8.294755,-8.292077,-8.290073,-8.288739,-8.288073,-8.288073,-8.288739,-8.290073,-8.292077,-8.294755,-8.298112,-8.302153,-8.306887,-8.312321,-8.318468,-8.325338,-8.332947,-8.341308,-8.35044,-8.360362,-8.371098,-8.3826685,-8.395105,-8.408437,-8.422697,-8.437928,-8.454168,-8.471469,-8.489884,-8.509476,-8.530316,-8.552483,-8.57607,-8.601185,-8.627953,-8.656524,-8.68707,-8.719804,-8.754987,-8.79294,-8.834079,-8.878932,-8.928227,-8.982981,-9.044703,-9.115829,-9.200758,-9.309346,-9.478394,,
45,,,-8.174278,-8.042027,-7.9522967,-7.881062,-7.820972,-7.7686048,-7.722018,-7.67999,-7.6416903,-7.606521,-7.5740447,-7.5439157,-7.5158653,-7.489676,-7.465168,-7.4421973,-7.4206376,-7.400383,-7.3813434,-7.363438,-7.346602,-7.3307743,-7.3159018,-7.301938,-7.2888412,-7.276576,-7.2651095,-7.2544117,-7.2444563,-7.23522,-7.226682,-7.2188244,-7.211629,-7.205081,-7.1991673,-7.193877,-7.189199,-7.1851244,-7.181646,-7.178756,-7.176451,-7.174726,-7.173578,-7.173004,-7.173004,-7.173578,-7.174726,-7.176451,-7.178756,-7.181646,-7.1851244,-7.189199,-7.193877,-7.1991673,-7.205081,-7.211629,-7.2188244,-7.226682,-7.23522,-7.2444563,-7.2544117,-7.2651095,-7.276576,-7.2888412,-7.301938,-7.3159018,-7.3307743,-7.346602,-7.363438,-7.3813434,-7.400383,-7.4206376,-7.4421973,-7.465168,-7.489676,-7.5158653,-7.5439157,-7.5740447,-7.606521,-7.6416903,-7.67999,-7.722018,-7.7686048,-7.820972,-7.881062,-7.9522967,-8.042027,-8.174278,,
46,,,-6.8905983,-6.786619,-6.7135243,-6.654841,-6.605059,-6.561527,-6.522711,-6.4876347,-6.455631,-6.4262137,-6.399028,-6.3737907,-6.3502817,-6.328323,-6.3077655,-6.2884912,-6.2703958,-6.2533913,-6.2374024,-6.2223635,-6.20822,-6.1949215,-6.1824236,-6.1706877,-6.1596794,-6.149369,-6.1397285,-6.1307335,-6.1223626,-6.114595,-6.107415,-6.100806,-6.094754,-6.0892467,-6.0842724,-6.079822,-6.0758867,-6.072459,-6.069533,-6.067102,-6.0651627,-6.063711,-6.062745,-6.062262,-6.062262,-6.062745,-6.063711,-6.0651627,-6.067102,-6.069533,-6.072459,-6.0758867,-6.079822,-6.0842724,-6.0892467,-6.094754,-6.100806,-6.107415,-6.114595,-6.1223626,-6.1307335,-6.1397285,-6.149369,-6.1596794,-6.1706877,-6.1824236,-6.1949215,-6.20822,-6.2223635,-6.2374024,-6.2533913,-6.2703958,-6.2884912,-6.3077655,-6.328323,-6.3502817,-6.3737907,-6.399028,-6.4262137,-6.455631,-6.4876347,-6.522711,-6.561527,-6.605059,-6.654841,-6.7135243,-6.786619,-6.8905983,,
47,,,-5.6212673,-5.540674,-5.4826317,-5.4356394,-5.3956003,-5.3604937,-5.329133,-5.3007565,-5.2748394,-5.2509985,-5.2289515,-5.2084746,-5.1893916,-5.17156,-5.154861,-5.1392,-5.124493,-5.11067,-5.0976706,-5.085441,-5.073938,-5.0631204,-5.0529532,-5.043405,-5.034447,-5.026057,-5.0182114,-5.0108905,-5.004077,-4.997754,-4.9919095,-4.9865294,-4.981602,-4.977118,-4.973068,-4.9694448,-4.9662404,-4.9634495,-4.9610667,-4.9590874,-4.957508,-4.956326,-4.955539,-4.9551463,-4.9551463,-4.955539,-4.956326,-4.957508,-4.9590874,-4.9610667,-4.9634495,-4.9662404,-4.9694448,-4.973068,-4.977118,-4.981602,-4.9865294,-4.9919095,-4.997754,-5.004077,-5.0108905,-5.0182114,-5.026057,-5.034447,-5.043405,-5.0529532,-5.0631204,-5.073938,-5.085441,-5.0976706,-5.11067,-5.124493,-5.1392,-5.154861,-5.17156,-5.1893916,-5.2084746,-5.2289515,-5.2509985,-5.2748394,-5.3007565,-5.329133,-5.3604937,-5.3956003,-5.4356394,-5.4826317,-5.540674,-5.6212673,,
48,,,-4.362361,-4.3021126,-4.2579913,-4.222047,-4.19132,-4.1643224,-4.140172,-4.1182976,-4.098303,-4.079899,-4.0628715,-4.0470495,-4.0323,-4.018513,-4.0055995,-3.9934857,-3.9821079,-3.9714117,-3.9613514,-3.9518857,-3.9429812,-3.9346066,-3.9267344,-3.919341,-3.9124045,-3.9059067,-3.8998303,-3.8941603,-3.8888826,-3.883985,-3.8794572,-3.8752894,-3.8714724,-3.8679986,-3.8648608,-3.8620534,-3.859571,-3.8574085,-3.855562,-3.8540285,-3.8528047,-3.851889,-3.8512793,-3.8509748,-3.8509748,-3.8512793,-3.851889,-3.8528047,-3.8540285,-3.855562,-3.8574085,-3.859571,-3.8620534,-3.8648608,-3.8679986,-3.8714724,-3.8752894,-3.8794572,-3.883985,-3.8888826,-3.8941603,-3.8998303,-3.9059067,-3.9124045,-3.919341,-3.9267344,-3.9346066,-3.9429812,-3.9518857,-3.9613514,-3.9714117,-3.9821079,-3.9934857,-4.0055995,-4.018513,-4.0323,-4.0470495,-4.0628715,-4.079899,-4.098303,-4.1182976,-4.140172,-4.1643224,-4.19132,-4.222047,-4.2579913,-4.3021126,-4.362361,,
49,,,-3.1109438,-3.0690944,-3.0380988,-3.0127366,-2.9910047,-2.971882,-2.9547584,-2.9392369,-2.925041,-2.9119687,-2.8998694,-2.8886237,-2.8781374,-2.8683336,-2.8591487,-2.8505316,-2.8424366,-2.8348258,-2.8276665,-2.82093,-2.8145921,-2.808631,-2.8030272,-2.7977636,-2.792825,-2.7881987,-2.7838721,-2.7798345,-2.7760766,-2.772589,-2.7693646,-2.7663963,-2.763678,-2.761204,-2.7589693,-2.7569697,-2.7552016,-2.7536614,-2.7523463,-2.7512538,-2.7503824,-2.74973,-2.749296,-2.749079,-2.749079,-2.749296,-2.74973,-2.7503824,-2.7512538,-2.7523463,-2.7536614,-2.7552016,-2.7569697,-2.7589693,-2.761204,-2.763678,-2.7663963,-2.7693646,-2.772589,-2.7760766,-2.7798345,-2.7838721,-2.7881987,-2.792825,-2.7977636,-2.8030272,-2.808631,-2.8145921,-2.82093,-2.8276665,-2.8348258,-2.8424366,-2.8505316,-2.8591487,-2.8683336,-2.8781374,-2.8886237,-2.8998694,-2.9119687,-2.925041,-2.9392369,-2.9547584,-2.971882,-2.9910047,-3.0127366,-3.0380988,-3.0690944,-3.1109438,,
50,,-1.9212923,-1.8646026,-1.8399372,-1.8215405,-1.806445,-1.7934905,-1.7820803,-1.7718561,-1.7625839,-1.7541003,-1.7462859,-1.7390516,-1.7323261,-1.7260538,-1.7201889,-1.7146937,-1.7095374,-1.7046931,-1.7001383,-1.6958534,-1.6918212,-1.6880274,-1.684459,-1.6811042,-1.6779531,-1.6749964,-1.6722265,-1.669636,-1.6672186,-1.6649684,-1.6628801,-1.6609493,-1.6591719,-1.6575441,-1.6560626,-1.6547244,-1.6535269,-1.6524681,-1.6515458,-1.6507581,-1.6501039,-1.649582,-1.6491914,-1.6489314,-1.6488014,-1.6488014,-1.6489314,-1.6491914,-1.649582,-1.6501039,-1.6507581,-1.6515458,-1.6524681,-1.6535269,-1.6547244,-1.6560626,-1.6575441,-1.6591719,-1.6609493,-1.6628801,-1.6649684,-1.6672186,-1.669636,-1.6722265,-1.6749964,-1.6779531,-1.6811042,-1.684459,-1.6880274,-1.6918212,-1.6958534,-1.7001383,-1.7046931,-1.7095374,-1.7146937,-1.7201889,-1.7260538,-1.7323261,-1.7390516,-1.7462859,-1.7541003,-1.7625839,-1.7718561,-1.7820803,-1.7934905,-1.806445,-1.8215405,-1.8399372,-1.8646026,-1.9212923,
51,,-0.6385679,-0.62121,-0.6130596,-0.60696006,-0.60194826,-0.59764403,-0.5938511,-0.5904513,-0.58736724,-0.5845451,-0.5819451,-0.5795378,-0.57729965,-0.5752121,-0.57326,-0.57143086,-0.5697144,-0.5681018,-0.5665855,-0.56515896,-0.5638165,-0.5625534,-0.56136525,-0.5602483,-0.5591991,-0.5582146,-0.5572923,-0.5564297,-0.5556247,-0.55487543,-0.55418,-0.5535371,-0.5529452,-0.55240315,-0.5519098,-0.55146414,-0.5510654,-0.55071276,-0.5504056,-0.55014336,-0.5499255,-0.5497517,-0.5496216,-0.549535,-0.5494917,-0.5494917,-0.549535,-0.5496216,-0.5497517,-0.5499255,-0.55014336,-0.5504056,-0.55071276,-0.5510654,-0.55146414,-0.5519098,-0.55240315,-0.5529452,-0.5535371,-0.55418,-0.55487543,-0.5556247,-0.5564297,-0.5572923,-0.5582146,-0.5591991,-0.5602483,-0.56136525,-0.5625534,-0.5638165,-0.56515896,-0.5665855,-0.5681018,-0.5697144,-0.57143086,-0.57326,-0.5752121,-0.57729965,-0.5795378,-0.5819451,-0.5845451,-0.58736724,-0.5904513,-0.5938511,-0.59764403,-0.60194826,-0.60696006,-0.6130596,-0.62121,-0.6385679,
52,,0.63857275,0.62121475,0.6130642,0.60696465,0.60195285,0.59764856,0.5938556,0.5904558,0.5873717,0.58454955,0.58194953,0.5795422,0.57730407,0.5752165,0.57326436,0.5714352,0.5697188,0.5681061,0.5665898,0.56516325,0.5638208,0.5625577,0.56136954,0.56025255,0.5592033,0.55821884,0.5572965,0.5564339,0.55562896,0.5548796,0.5541842,0.5535413,0.5529494,0.5524073,0.551914,0.5514683,0.55106956,0.55071694,0.5504098,0.55014753,0.5499297,0.5497559,0.54962575,0.54953915,0.5494959,0.5494959,0.54953915,0.54962575,0.5497559,0.5499297,0.55014753,0.5504098,0.55071694,0.55106956,0.5514683,0.551914,0.5524073,0.5529494,0.5535413,0.5541842,0.5548796,0.55562896,0.5564339,0.5572965,0.55821884,0.5592033,0.56025255,0.56136954,0.5625577,0.5638208,0.56516325,0.5665898,0.5681061,0.5697188,0.5714352,0.57326436,0.5752165,0.57730407,0.5795422,0.58194953,0.58454955,0.5873717,0.5904558,0.5938556,0.59764856,0.60195285,0.60696465,0.6130642,0.62121475,0.63857275,
53,,1.9212972,1.8646072,1.8399419,1.821545,1.8064495,1.7934949,1.7820847,1.7718605,1.7625881,1.7541047,1.7462903,1.7390559,1.7323304,1.7260581,1.7201931,1.7146978,1.7095416,1.7046974,1.7001425,1.6958576,1.6918254,1.6880317,1.6844631,1.6811084,1.6779573,1.6750005,1.6722307,1.6696402,1.6672227,1.6649724,1.6628841,1.6609534,1.659176,1.6575482,1.6560667,1.6547284,1.6535311,1.6524721,1.6515498,1.6507623,1.6501081,1.6495862,1.6491956,1.6489354,1.6488055,1.6488055,1.6489354,1.6491956,1.6495862,1.6501081,1.6507623,1.6515498,1.6524721,1.6535311,1.6547284,1.6560667,1.6575482,1.659176,1.6609534,1.6628841,1.6649724,1.6672227,1.6696402,1.6722307,1.6750005,1.6779573,1.6811084,1.6844631,1.6880317,1.6918254,1.6958576,1.7001425,1.7046974,1.7095416,1.7146978,1.7201931,1.7260581,1.7323304,1.7390559,1.7462903,1.7541047,1.7625881,1.7718605,1.7820847,1.7934949,1.8064495,1.821545,1.8399419,1.8646072,1.9212972,
54,,,3.1109483,3.069099,3.0381033,3.012741,2.9910092,2.9718866,2.954763,2.9392412,2.9250455,2.911973,2.8998737,2.888628,2.8781416,2.8683379,2.859153,2.8505359,2.8424408,2.83483,2.8276708,2.820934,2.8145964,2.808635,2.8030312,2.7977676,2.7928293,2.7882028,2.7838762,2.7798388,2.7760806,2.772593,2.7693686,2.7664006,2.7636821,2.761208,2.7589734,2.756974,2.7552056,2.7536654,2.7523506,2.7512581,2.7503865,2.7497342,2.7493,2.749083,2.749083,2.7493,2.7497342,2.7503865,2.7512581,2.7523506,2.7536654,2.7552056,2.756974,2.7589734,2.761208,2.7636821,2.7664006,2.7693686,2.772593,2.7760806,2.7798388,2.7838762,2.7882028,2.7928293,2.7977676,2.8030312,2.808635,2.8145964,2.820934,2.8276708,2.83483,2.8424408,2.8505359,2.859153,2.8683379,2.8781416,2.888628,2.8998737,2.911973,2.9250455,2.9392412,2.954763,2.9718866,2.9910092,3.012741,3.0381033,3.069099,3.1109483,,
55,,,4.3623657,4.3021173,4.257996,4.222051,4.191324,4.164327,4.140177,4.118302,4.0983076,4.0799036,4.0628757,4.0470543,4.0323043,4.018518,4.0056043,3.9934902,3.9821122,3.9714162,3.9613557,3.95189,3.9429858,3.934611,3.926739,3.9193454,3.9124088,3.9059112,3.8998346,3.8941646,3.888887,3.8839893,3.8794618,3.8752937,3.8714767,3.868003,3.864865,3.8620577,3.8595753,3.8574126,3.8555663,3.8540325,3.852809,3.8518932,3.8512836,3.850979,3.850979,3.8512836,3.8518932,3.852809,3.8540325,3.8555663,3.8574126,3.8595753,3.8620577,3.864865,3.868003,3.8714767,3.8752937,3.8794618,3.8839893,3.888887,3.8941646,3.8998346,3.9059112,3.9124088,3.9193454,3.926739,3.934611,3.9429858,3.95189,3.9613557,3.9714162,3.9821122,3.9934902,4.0056043,4.018518,4.0323043,4.0470543,4.0628757,4.0799036,4.0983076,4.118302,4.140177,4.164327,4.191324,4.222051,4.257996,4.3021173,4.3623657,,
56,,,5.621272,5.540679,5.4826365,5.435644,5.395605,5.360498,5.3291373,5.300761,5.2748437,5.2510033,5.228956,5.208479,5.189396,5.171564,5.1548653,5.1392045,5.1244974,5.1106744,5.097675,5.0854454,5.0739427,5.063125,5.0529575,5.0434093,5.0344515,5.0260615,5.0182157,5.010895,5.0040812,4.9977584,4.991914,4.9865336,4.9816065,4.9771223,4.9730725,4.969449,4.9662447,4.963454,4.961071,4.9590917,4.9575124,4.9563303,4.9555435,4.9551506,4.9551506,4.9555435,4.9563303,4.9575124,4.9590917,4.961071,4.963454,4.9662447,4.969449,4.9730725,4.9771223,4.9816065,4.9865336,4.991914,4.9977584,5.0040812,5.010895,5.0182157,5.0260615,5.0344515,5.0434093,5.0529575,5.063125,5.0739427,5.0854454,5.097675,5.1106744,5.1244974,5.1392045,5.1548653,5.171564,5.189396,5.208479,5.228956,5.2510033,5.2748437,5.300761,5.3291373,5.360498,5.395605,5.435644,5.4826365,5.540679,5.621272,,
57,,,6.8906026,6.7866235,6.7135286,6.654845,6.6050634,6.561531,6.5227146,6.487639,6.4556346,6.426218,6.399032,6.373795,6.350286,6.328327,6.30777,6.2884955,6.2703996,6.253395,6.2374063,6.222368,6.2082243,6.1949253,6.1824274,6.170692,6.159683,6.1493726,6.1397324,6.1307373,6.1223664,6.114599,6.107419,6.10081,6.094758,6.0892506,6.084276,6.079826,6.075891,6.072463,6.0695367,6.067106,6.0651665,6.063715,6.062749,6.0622663,6.0622663,6.062749,6.063715,6.0651665,6.067106,6.0695367,6.072463,6.075891,6.079826,6.084276,6.0892506,6.094758,6.10081,6.107419,6.114599,6.1223664,6.1307373,6.1397324,6.1493726,6.159683,6.170692,6.1824274,6.1949253,6.2082243,6.222368,6.2374063,6.253395,6.2703996,6.2884955,6.30777,6.328327,6.350286,6.373795,6.399032,6.426218,6.4556346,6.487639,6.5227146,6.561531,6.6050634,6.654845,6.7135286,6.7866235,6.8906026,,
58,,,8.174283,8.042032,7.952302,7.881067,7.820977,7.7686095,7.722023,7.679995,7.641695,7.6065264,7.5740495,7.5439205,7.51587,7.489681,7.465173,7.442202,7.4206424,7.400388,7.381348,7.363443,7.3466067,7.330779,7.3159065,7.301943,7.288846,7.276581,7.2651143,7.2544165,7.244461,7.2352247,7.226687,7.2188287,7.211633,7.2050858,7.199172,7.1938815,7.1892037,7.185129,7.1816506,7.178761,7.176456,7.174731,7.1735826,7.1730084,7.1730084,7.1735826,7.174731,7.176456,7.178761,7.1816506,7.185129,7.1892037,7.1938815,7.199172,7.2050858,7.211633,7.2188287,7.226687,7.2352247,7.244461,7.2544165,7.2651143,7.276581,7.288846,7.301943,7.3159065,7.330779,7.3466067,7.363443,7.381348,7.400388,7.4206424,7.442202,7.465173,7.489681,7.51587,7.5439205,7.5740495,7.6065264,7.641695,7.679995,7.722023,7.7686095,7.820977,7.881067,7.952302,8.042032,8.174283,,
59,,,9.478398,9.30935,9.200762,9.115833,9.044706,8.982985,8.928232,8.878937,8.834083,8.792944,8.754991,8.719809,8.687074,8.656528,8.627957,8.601189,8.576074,8.552487,8.53032,8.5094795,8.489888,8.471473,8.454172,8.437932,8.422702,8.408441,8.395109,8.382673,8.371101,8.360366,8.350444,8.341311,8.332951,8.325343,8.318472,8.3123255,8.3068905,8.302156,8.298116,8.294759,8.292081,8.290077,8.288743,8.288076,8.288076,8.288743,8.290077,8.292081,8.294759,8.298116,8.302156,8.3068905,8.3123255,8.318472,8.325343,8.332951,8.341311,8.350444,8.360366,8.371101,8.382673,8.395109,8.408441,8.422702,8.437932,8.454172,8.471473,8.489888,8.5094795,8.53032,8.552487,8.576074,8.601189,8.627957,8.656528,8.687074,8.719809,8.754991,8.792944,8.834083,8.878937,8.928232,8.982985,9.044706,9.115833,9.200762,9.30935,9.478398,,
60,,,10.815355,10.591606,10.460965,10.360825,10.277725,10.205996,10.142586,10.085636,10.033913,9.98654,9.942884,9.902454,9.864865,9.829813,9.797044,9.766357,9.737578,9.710559,9.685176,9.661318,9.638895,9.617824,9.598032,9.579456,9.562039,9.5457325,9.530492,9.516275,9.503049,9.49078,9.479442,9.469007,9.459454,9.450761,9.442911,9.43589,9.429682,9.424274,9.419659,9.415825,9.412766,9.410477,9.408954,9.408193,9.408193,9.408954,9.410477,9.412766,9.415825,9.419659,9.424274,9.429682,9.43589,9.442911,9.450761,9.459454,9.469007,9.479442,9.49078,9.503049,9.516275,9.530492,9.5457325,9.562039,9.579456,9.598032,9.617824,9.638895,9.661318,9.685176,9.710559,9.737578,9.766357,9.797044,9.829813,9.864865,9.902454,9.942884,9.98654,10.033913,10.085636,10.142586,10.205996,10.277725,10.360825,10.460965,10.591606,10.815355,,
61,,,12.252771,11.89281,11.735321,11.617925,11.521648,11.439092,11.366418,11.301342,11.242366,11.188441,11.138815,11.092903,11.050258,11.010518,10.9733925,10.938644,10.906073,10.875506,10.8468,10.819828,10.794487,10.7706785,10.748322,10.727343,10.707676,10.689266,10.672062,10.656018,10.641092,10.627249,10.614456,10.602685,10.591908,10.582105,10.573251,10.565332,10.5583315,10.552234,10.547029,10.542706,10.539257,10.536676,10.534959,10.534101,10.534101,10.534959,10.536676,10.539257,10.542706,10.547029,10.552234,10.5583315,10.565332,10.573251,10.582105,10.591908,10.602685,10.614456,10.627249,10.641092,10.656018,10.672062,10.689266,10.707676,10.727343,10.748322,10.7706785,10.794487,10.819828,10.8468,10.875506,10.906073,10.938644,10.9733925,11.010518,11.050258,11.092903,11.138815,11.188441,11.242366,11.301342,11.366418,11.439092,11.521648,11.617925,11.735321,11.89281,12.252771,,
62,,,,13.218842,13.026775,12.8892975,12.778278,12.683862,12.601177,12.527398,12.460709,12.399852,12.343933,12.292265,12.244322,12.199686,12.158016,12.119041,12.082526,12.048276,12.016124,11.985927,11.957563,11.930924,11.905916,11.882455,11.860466,11.839888,11.82066,11.802731,11.786055,11.770589,11.756299,11.743152,11.731117,11.720169,11.710284,11.701443,11.693625,11.686819,11.681008,11.676183,11.672333,11.669453,11.667535,11.666576,11.666576,11.667535,11.669453,11.672333,11.676183,11.681008,11.686819,11.693625,11.701443,11.710284,11.720169,11.731117,11.743152,11.756299,11.770589,11.786055,11.802731,11.82066,11.839888,11.860466,11.882455,11.905916,11.930924,11.957563,11.985927,12.016124,12.048276,12.082526,12.119041,12.158016,12.199686,12.244322,12.292265,12.343933,12.399852,12.460709,12.527398,12.601177,12.683862,12.778278,12.8892975,13.026775,13.218842,,,
63,,,,14.579854,14.339103,14.177499,14.049663,13.942074,13.84845,13.765265,13.690306,13.622063,13.559469,13.50172,13.448198,13.398419,13.351987,13.308589,13.267957,13.229865,13.194125,13.160572,13.129069,13.099492,13.071733,13.045699,13.021305,12.99848,12.977158,12.95728,12.938794,12.921653,12.905817,12.891249,12.877915,12.865787,12.854836,12.845043,12.836386,12.828847,12.8224125,12.817068,12.812805,12.809615,12.807492,12.806431,12.806431,12.807492,12.809615,12.812805,12.817068,12.8224125,12.828847,12.836386,12.845043,12.854836,12.865787,12.877915,12.891249,12.905817,12.921653,12.938794,12.95728,12.977158,12.99848,13.021305,13.045699,13.071733,13.099492,13.129069,13.160572,13.194125,13.229865,13.267957,13.308589,13.351987,13.398419,13.448198,13.50172,13.559469,13.622063,13.690306,13.765265,13.84845,13.942074,14.049663,14.177499,14.339103,14.579854,,,
64,,,,16.000254,15.67751,15.485652,15.338182,15.215728,15.110001,15.01655,14.932648,14.856472,14.786752,14.722538,14.663107,14.607895,14.556447,14.508401,14.463449,14.421334,14.381842,14.344783,14.310004,14.277364,14.246741,14.218031,14.191135,14.1659775,14.142481,14.12058,14.100217,14.081338,14.0639,14.04786,14.033181,14.01983,14.007777,13.996999,13.987472,13.979176,13.9720955,13.966215,13.961525,13.958015,13.955679,13.954513,13.954513,13.955679,13.958015,13.961525,13.966215,13.9720955,13.979176,13.987472,13.996999,14.007777,14.01983,14.033181,14.04786,14.0639,14.081338,14.100217,14.12058,14.142481,14.1659775,14.191135,14.218031,14.246741,14.277364,14.310004,14.344783,14.381842,14.421334,14.463449,14.508401,14.556447,14.607895,14.663107,14.722538,14.786752,14.856472,14.932648,15.01655,15.110001,15.215728,15.338182,15.485652,15.67751,16.000254,,,
65,,,,,17.049976,16.817749,16.646677,16.507124,16.387821,16.283035,16.189371,16.104609,16.027224,15.95609,15.890362,15.82938,15.772619,15.719663,15.6701565,15.62381,15.580375,15.539639,15.501429,15.465584,15.431967,15.40046,15.370955,15.343364,15.317601,15.293593,15.271276,15.25059,15.231486,15.213916,15.197839,15.183218,15.170021,15.15822,15.14779,15.138708,15.130958,15.124522,15.119389,15.115547,15.11299,15.111713,15.111713,15.11299,15.115547,15.119389,15.124522,15.130958,15.138708,15.14779,15.15822,15.170021,15.183218,15.197839,15.213916,15.231486,15.25059,15.271276,15.293593,15.317601,15.343364,15.370955,15.40046,15.431967,15.465584,15.501429,15.539639,15.580375,15.62381,15.6701565,15.719663,15.772619,15.82938,15.890362,15.95609,16.027224,16.104609,16.189371,16.283035,16.387821,16.507124,16.646677,16.817749,17.049976,,,,
66,,,,,18.471111,18.179224,17.978651,17.818977,17.684196,17.56674,17.462307,17.368166,17.28247,17.20388,17.131395,17.064249,17.001831,16.943659,16.88933,16.838507,16.79091,16.746302,16.704481,16.665268,16.62851,16.59407,16.56183,16.531693,16.50356,16.47735,16.452991,16.430418,16.409576,16.39041,16.372875,16.356932,16.34254,16.329676,16.318304,16.308405,16.299957,16.292942,16.287348,16.283161,16.280375,16.278984,16.278984,16.280375,16.283161,16.287348,16.292942,16.299957,16.308405,16.318304,16.329676,16.34254,16.356932,16.372875,16.39041,16.409576,16.430418,16.452991,16.47735,16.50356,16.531693,16.56183,16.59407,16.62851,16.665268,16.704481,16.746302,16.79091,16.838507,16.88933,16.943659,17.001831,17.064249,17.131395,17.20388,17.28247,17.368166,17.462307,17.56674,17.684196,17.818977,17.978651,18.179224,18.471111,,,,
67,,,,,19.980015,19.578146,19.338621,19.15457,19.001793,18.869963,18.753513,18.649027,18.554245,18.467554,18.387774,18.314,18.24552,18.181778,18.122309,18.066732,18.014725,17.966015,17.920378,17.87761,17.83754,17.800014,17.764898,17.732084,17.701462,17.672943,17.646446,17.621895,17.59923,17.578394,17.559334,17.542006,17.52637,17.51239,17.500038,17.489285,17.480108,17.472488,17.466412,17.461864,17.45884,17.457329,17.457329,17.45884,17.461864,17.466412,17.472488,17.480108,17.489285,17.500038,17.51239,17.52637,17.542006,17.559334,17.578394,17.59923,17.621895,17.646446,17.672943,17.701462,17.732084,17.764898,17.800014,17.83754,17.87761,17.920378,17.966015,18.014725,18.066732,18.122309,18.181778,18.24552,18.314,18.387774,18.467554,18.554245,18.649027,18.753513,18.869963,19.001793,19.15457,19.338621,19.578146,19.980015,,,,
68,,,,,,21.028385,20.732769,20.51801,20.343805,20.195389,20.065346,19.94932,19.844505,19.748947,19.661224,19.580275,19.505259,19.435535,19.370564,19.309906,19.253197,19.200127,19.150436,19.1039,19.060324,19.019535,18.981384,18.945745,18.9125,18.881548,18.852798,18.826168,18.80159,18.778997,18.758337,18.739557,18.72261,18.707464,18.694082,18.682432,18.672493,18.66424,18.65766,18.652735,18.649458,18.647821,18.647821,18.649458,18.652735,18.65766,18.66424,18.672493,18.682432,18.694082,18.707464,18.72261,18.739557,18.758337,18.778997,18.80159,18.826168,18.852798,18.881548,18.9125,18.945745,18.981384,19.019535,19.060324,19.1039,19.150436,19.200127,19.253197,19.309906,19.370564,19.435535,19.505259,19.580275,19.661224,19.748947,19.844505,19.94932,20.065346,20.195389,20.343805,20.51801,20.732769,21.028385,,,,,
69,,,,,,22.561293,22.17032,21.914686,21.714167,21.546202,21.400543,21.27148,21.155476,21.050112,20.953678,20.864899,20.782791,20.706598,20.635698,20.569584,20.507837,20.450104,20.396091,20.345543,20.298237,20.253983,20.21261,20.173979,20.137959,20.104433,20.073303,20.044476,20.01788,19.993437,19.971088,19.950777,19.932453,19.916079,19.901611,19.88902,19.878277,19.86936,19.862247,19.856928,19.853386,19.851618,19.851618,19.853386,19.856928,19.862247,19.86936,19.878277,19.88902,19.901611,19.916079,19.932453,19.950777,19.971088,19.993437,20.01788,20.044476,20.073303,20.104433,20.137959,20.173979,20.21261,20.253983,20.298237,20.345543,20.396091,20.450104,20.507837,20.569584,20.635698,20.706598,20.782791,20.864899,20.953678,21.050112,21.155476,21.27148,21.400543,21.546202,21.714167,21.914686,22.17032,22.561293,,,,,
70,,,,,,24.389671,23.667124,23.352125,23.117908,22.926292,22.762344,22.61834,22.489695,22.37338,22.2673,22.16991,22.080046,21.996813,21.919485,21.847473,21.780298,21.717552,21.658905,21.604061,21.55277,21.504818,21.460014,21.4182,21.379227,21.34297,21.309315,21.27816,21.249422,21.223022,21.198887,21.176958,21.157179,21.139505,21.123892,21.110308,21.098717,21.089096,21.081425,21.075686,21.071867,21.06996,21.06996,21.071867,21.075686,21.081425,21.089096,21.098717,21.110308,21.123892,21.139505,21.157179,21.176958,21.198887,21.223022,21.249422,21.27816,21.309315,21.34297,21.379227,21.4182,21.460014,21.504818,21.55277,21.604061,21.658905,21.717552,21.780298,21.847473,21.919485,21.996813,22.080046,22.16991,22.2673,22.37338,22.489695,22.61834,22.762344,22.926292,23.117908,23.352125,23.667124,24.389671,,,,,
71,,,,,,,25.258661,24.841871,24.5618,24.340563,24.154684,23.993244,23.85012,23.721434,23.60456,23.497618,23.399202,23.308249,23.2239,23.145475,23.072416,23.004253,22.940605,22.881138,22.825567,22.773651,22.725172,22.679955,22.63783,22.59866,22.562315,22.52868,22.497667,22.469183,22.443151,22.419504,22.39818,22.37913,22.362303,22.347664,22.335175,22.32481,22.316545,22.310364,22.30625,22.304195,22.304195,22.30625,22.310364,22.316545,22.32481,22.335175,22.347664,22.362303,22.37913,22.39818,22.419504,22.443151,22.469183,22.497667,22.52868,22.562315,22.59866,22.63783,22.679955,22.725172,22.773651,22.825567,22.881138,22.940605,23.004253,23.072416,23.145475,23.2239,23.308249,23.399202,23.497618,23.60456,23.721434,23.85012,23.993244,24.154684,24.340563,24.5618,24.841871,25.258661,,,,,,
72,,,,,,,27.146633,26.40459,26.05562,25.795452,25.582476,25.400242,25.240253,25.09739,24.968302,24.85065,24.742718,24.643227,24.551159,24.46571,24.386229,24.312172,24.243101,24.17863,24.11844,24.06225,24.009819,23.960943,23.915438,23.873144,23.833918,23.797636,23.76419,23.733482,23.705427,23.679947,23.656977,23.636457,23.61834,23.602577,23.589134,23.577976,23.569082,23.56243,23.558,23.55579,23.55579,23.558,23.56243,23.569082,23.577976,23.589134,23.602577,23.61834,23.636457,23.656977,23.679947,23.705427,23.733482,23.76419,23.797636,23.833918,23.873144,23.915438,23.960943,24.009819,24.06225,24.11844,24.17863,24.243101,24.312172,24.386229,24.46571,24.551159,24.643227,24.742718,24.85065,24.968302,25.09739,25.240253,25.400242,25.582476,25.795452,26.05562,26.40459,27.146633,,,,,,
73,,,,,,,,28.09064,27.615158,27.299953,27.052082,26.84436,26.664318,26.504942,26.361841,26.232044,26.113419,26.0044,25.903767,25.810566,25.724026,25.643513,25.568521,25.498606,25.433395,25.372576,25.315866,25.263042,25.21389,25.168232,25.12591,25.086779,25.050722,25.01763,24.987406,24.959965,24.93523,24.913143,24.893642,24.87668,24.862217,24.850214,24.840647,24.83349,24.828728,24.82635,24.82635,24.828728,24.83349,24.840647,24.850214,24.862217,24.87668,24.893642,24.913143,24.93523,24.959965,24.987406,25.01763,25.050722,25.086779,25.12591,25.168232,25.21389,25.263042,25.315866,25.372576,25.433395,25.498606,25.568521,25.643513,25.724026,25.810566,25.903767,26.0044,26.113419,26.232044,26.361841,26.504942,26.664318,26.84436,27.052082,27.299953,27.615158,28.09064,,,,,,,
74,,,,,,,,,29.271297,28.86778,28.572218,28.332079,28.127562,27.948568,27.789131,27.64537,27.514582,27.394821,27.2846,27.182766,27.088406,27.000772,26.919271,26.843386,26.772692,26.706821,26.645458,26.588345,26.53524,26.48594,26.440268,26.398062,26.35919,26.323526,26.290966,26.261415,26.234785,26.211012,26.190027,26.171778,26.156218,26.143309,26.133018,26.125322,26.120201,26.117645,26.117645,26.120201,26.125322,26.133018,26.143309,26.156218,26.171778,26.190027,26.211012,26.234785,26.261415,26.290966,26.323526,26.35919,26.398062,26.440268,26.48594,26.53524,26.588345,26.645458,26.706821,26.772692,26.843386,26.919271,27.000772,27.088406,27.182766,27.2846,27.394821,27.514582,27.64537,27.789131,27.948568,28.127562,28.332079,28.572218,28.86778,29.271297,,,,,,,,
75,,,,,,,,,31.11804,30.523027,30.155697,29.87212,29.636694,29.433804,29.254944,29.09487,28.950058,28.81804,28.696966,28.585432,28.48233,28.386778,28.298065,28.215591,28.138859,28.067446,28.000988,27.939188,27.881771,27.828508,27.779194,27.733648,27.691721,27.653275,27.618187,27.586351,27.557674,27.53208,27.509493,27.489855,27.473114,27.459227,27.448158,27.43988,27.434374,27.431623,27.431623,27.434374,27.43988,27.448158,27.459227,27.473114,27.489855,27.509493,27.53208,27.557674,27.586351,27.618187,27.653275,27.691721,27.733648,27.779194,27.828508,27.881771,27.939188,28.000988,28.067446,28.138859,28.215591,28.298065,28.386778,28.48233,28.585432,28.696966,28.81804,28.950058,29.09487,29.254944,29.433804,29.636694,29.87212,30.155697,30.523027,31.11804,,,,,,,,
76,,,,,,,,,,32.321568,31.823753,31.47709,31.200724,30.967752,30.765228,30.585718,30.424475,30.278275,30.144768,30.022207,29.90924,29.804794,29.708025,29.61822,29.534792,29.457253,29.385178,29.318222,29.256073,29.198465,29.145168,29.095976,29.05072,29.00924,28.971401,28.937084,28.906181,28.878609,28.854286,28.833141,28.81512,28.800173,28.788261,28.779356,28.77343,28.770472,28.770472,28.77343,28.779356,28.788261,28.800173,28.81512,28.833141,28.854286,28.878609,28.906181,28.937084,28.971401,29.00924,29.05072,29.095976,29.145168,29.198465,29.256073,29.318222,29.385178,29.457253,29.534792,29.61822,29.708025,29.804794,29.90924,30.022207,30.144768,30.278275,30.424475,30.585718,30.765228,30.967752,31.200724,31.47709,31.823753,32.321568,,,,,,,,,
77,,,,,,,,,,34.741333,33.619705,33.167114,32.832478,32.559895,32.327595,32.124355,31.943466,31.780579,31.632624,31.497374,31.37314,31.258608,31.15275,31.054712,30.9638,30.879433,30.801117,30.72845,30.661072,30.598675,30.540993,30.487793,30.43888,30.394075,30.353226,30.316195,30.282862,30.253132,30.226912,30.204126,30.18471,30.168608,30.15578,30.146189,30.139809,30.136621,30.136621,30.139809,30.146189,30.15578,30.168608,30.18471,30.204126,30.226912,30.253132,30.282862,30.316195,30.353226,30.394075,30.43888,30.487793,30.540993,30.598675,30.661072,30.72845,30.801117,30.879433,30.9638,31.054712,31.15275,31.258608,31.37314,31.497374,31.632624,31.780579,31.943466,32.124355,32.327595,32.559895,32.832478,33.167114,33.619705,34.741333,,,,,,,,,
78,,,,,,,,,,,35.693184,34.980522,34.55206,34.223686,33.952232,33.719074,33.514114,33.33119,33.166145,33.01607,32.878803,32.75269,32.636467,32.52909,32.42973,32.337685,32.25238,32.173336,32.100132,32.03241,31.969868,31.912231,31.859282,31.810808,31.766642,31.726624,31.690619,31.658518,31.630217,31.60563,31.584686,31.56732,31.553486,31.543144,31.536266,31.532831,31.532831,31.536266,31.543144,31.553486,31.56732,31.584686,31.60563,31.630217,31.658518,31.690619,31.726624,31.766642,31.810808,31.859282,31.912231,31.969868,32.03241,32.100132,32.173336,32.25238,32.337685,32.42973,32.52909,32.636467,32.75269,32.878803,33.01607,33.166145,33.33119,33.514114,33.719074,33.952232,34.223686,34.55206,34.980522,35.693184,,,,,,,,,,
79,,,,,,,,,,,,37.024364,36.39626,35.979996,35.653603,35.381023,35.145576,34.93796,34.752285,34.58457,34.43198,34.292385,34.16419,34.0461,33.937096,33.836334,33.743122,33.65689,33.57714,33.503456,33.435482,33.3729,33.315453,33.262905,33.215057,33.17173,33.132767,33.098045,33.067448,33.04087,33.01824,32.99948,32.98454,32.973373,32.965942,32.962234,32.962234,32.965942,32.973373,32.98454,32.99948,33.01824,33.04087,33.067448,33.098045,33.132767,33.17173,33.215057,33.262905,33.315453,33.3729,33.435482,33.503456,33.57714,33.65689,33.743122,33.836334,33.937096,34.0461,34.16419,34.292385,34.43198,34.58457,34.752285,34.93796,35.145576,35.381023,35.653603,35.979996,36.39626,37.024364,,,,,,,,,,,
80,,,,,,,,,,,,,38.45801,37.86627,37.45406,37.126057,36.850235,36.61115,36.399864,36.210697,36.039745,35.88419,35.741955,35.611404,35.49126,35.380486,35.278233,35.18382,35.096645,35.01622,34.942116,34.87397,34.811478,34.754368,34.7024,34.655376,34.613117,34.575474,34.542316,34.513535,34.48903,34.46872,34.45255,34.440464,34.43243,34.428417,34.428417,34.43243,34.440464,34.45255,34.46872,34.48903,34.513535,34.542316,34.575474,34.613117,34.655376,34.7024,34.754368,34.811478,34.87397,34.942116,35.01622,35.096645,35.18382,35.278233,35.380486,35.49126,35.611404,35.741955,35.88419,36.039745,36.210697,36.399864,36.61115,36.850235,37.126057,37.45406,37.86627,38.45801,,,,,,,,,,,,
81,,,,,,,,,,,,,,39.972744,39.393574,38.97887,38.645885,38.36476,38.12055,37.90452,37.711033,37.53619,37.377197,37.23192,37.09871,36.976276,36.86356,36.759716,36.66403,36.575897,36.49482,36.420353,36.352146,36.289875,36.233265,36.18208,36.13611,36.09519,36.059162,36.0279,36.001297,35.979256,35.96171,35.9486,35.939884,35.935535,35.935535,35.939884,35.9486,35.96171,35.979256,36.001297,36.0279,36.059162,36.09519,36.13611,36.18208,36.233265,36.289875,36.352146,36.420353,36.49482,36.575897,36.66403,36.759716,36.86356,36.976276,37.09871,37.23192,37.377197,37.53619,37.711033,37.90452,38.12055,38.36476,38.645885,38.97887,39.393574,39.972744,,,,,,,,,,,,,
82,,,,,,,,,,,,,,,41.567146,40.983875,40.560524,40.219162,39.930435,39.679466,39.457462,39.2587,39.07925,38.916214,38.76742,38.63119,38.50618,38.391335,38.285755,38.188713,38.099594,38.01787,37.943123,37.874958,37.813053,37.757133,37.706955,37.66232,37.623043,37.58898,37.560005,37.53601,37.516914,37.502647,37.493164,37.48843,37.48843,37.493164,37.502647,37.516914,37.53601,37.560005,37.58898,37.623043,37.66232,37.706955,37.757133,37.813053,37.874958,37.943123,38.01787,38.099594,38.188713,38.285755,38.391335,38.50618,38.63119,38.76742,38.916214,39.07925,39.2587,39.457462,39.679466,39.930435,40.219162,40.560524,40.983875,41.567146,,,,,,,,,,,,,,
83,,,,,,,,,,,,,,,,43.248264,42.64551,42.20703,41.85339,41.554432,41.294792,41.06535,40.86021,40.67524,40.507446,40.354576,40.214867,40.086952,39.969707,39.862213,39.763706,39.673546,39.59121,39.516235,39.448235,39.386875,39.331863,39.28297,39.23998,39.20272,39.17104,39.144814,39.12395,39.10837,39.098015,39.092846,39.092846,39.098015,39.10837,39.12395,39.144814,39.17104,39.20272,39.23998,39.28297,39.331863,39.386875,39.448235,39.516235,39.59121,39.673546,39.763706,39.862213,39.969707,40.086952,40.214867,40.354576,40.507446,40.67524,40.86021,41.06535,41.294792,41.554432,41.85339,42.20703,42.64551,43.248264,,,,,,,,,,,,,,,
84,,,,,,,,,,,,,,,,,45.03028,44.390247,43.928703,43.558052,43.245647,42.974968,42.73633,42.52339,42.331795,42.158363,42.000694,41.856968,41.72571,41.605743,41.4961,41.39598,41.30473,41.22178,41.146656,41.078957,41.018333,40.964504,40.917217,40.87626,40.841457,40.812664,40.78977,40.77267,40.76131,40.755642,40.755642,40.76131,40.77267,40.78977,40.812664,40.841457,40.87626,40.917217,40.964504,41.018333,41.078957,41.146656,41.22178,41.30473,41.39598,41.4961,41.605743,41.72571,41.856968,42.000694,42.158363,42.331795,42.52339,42.73633,42.974968,43.245647,43.558052,43.928703,44.390247,45.03028,,,,,,,,,,,,,,,,
85,,,,,,,,,,,,,,,,,,46.937576,46.234432,45.739197,45.345333,45.015285,44.730583,44.480434,44.25792,44.05828,43.878067,43.71473,43.566265,43.43111,43.308,43.195904,43.09399,43.001545,42.917976,42.84279,42.77555,42.715923,42.66359,42.618305,42.579853,42.548058,42.522785,42.503925,42.491394,42.48514,42.48514,42.491394,42.503925,42.522785,42.548058,42.579853,42.618305,42.66359,42.715923,42.77555,42.84279,42.917976,43.001545,43.09399,43.195904,43.308,43.43111,43.566265,43.71473,43.878067,44.05828,44.25792,44.480434,44.730583,45.015285,45.345333,45.739197,46.234432,46.937576,,,,,,,,,,,,,,,,,
86,,,,,,,,,,,,,,,,,,,49.01451,48.202095,47.65722,47.231335,46.87796,46.575138,46.31043,46.075977,45.86643,45.677986,45.50779,45.353657,45.213875,45.087063,44.972134,44.868164,44.774395,44.690193,44.615025,44.54846,44.490112,44.43968,44.39689,44.361538,44.333454,44.312504,44.29859,44.29165,44.29165,44.29859,44.312504,44.333454,44.361538,44.39689,44.43968,44.490112,44.54846,44.615025,44.690193,44.774395,44.868164,44.972134,45.087063,45.213875,45.353657,45.50779,45.677986,45.86643,46.075977,46.31043,46.575138,46.87796,47.231335,47.65722,48.202095,49.01451,,,,,,,,,,,,,,,,,,
87,,,,,,,,,,,,,,,,,,,,51.367718,50.33135,49.709606,49.238262,48.853165,48.526432,48.242912,47.993267,47.77131,47.572624,47.393986,47.232933,47.08754,46.95631,46.838005,46.73162,46.636337,46.55146,46.476433,46.410774,46.354095,46.306065,46.266415,46.23494,46.211475,46.195896,46.188126,46.188126,46.195896,46.211475,46.23494,46.266415,46.306065,46.354095,46.410774,46.476433,46.55146,46.636337,46.73162,46.838005,46.95631,47.08754,47.232933,47.393986,47.572624,47.77131,47.993267,48.242912,48.526432,48.853165,49.238262,49.709606,50.33135,51.367718,,,,,,,,,,,,,,,,,,,
88,,,,,,,,,,,,,,,,,,,,,,52.69254,51.93824,51.3983,50.96824,50.60885,50.30025,50.030777,49.792805,49.581074,49.39178,49.222054,49.06972,48.933033,48.810604,48.701313,48.604237,48.518627,48.443867,48.379433,48.324913,48.279957,48.244305,48.217743,48.200115,48.191326,48.191326,48.200115,48.217743,48.244305,48.279957,48.324913,48.379433,48.443867,48.518627,48.604237,48.701313,48.810604,48.933033,49.06972,49.222054,49.39178,49.581074,49.792805,50.030777,50.30025,50.60885,50.96824,51.3983,51.93824,52.69254,,,,,,,,,,,,,,,,,,,,,
89,,,,,,,,,,,,,,,,,,,,,,,55.470905,54.41733,53.762253,53.263912,52.857483,52.51404,52.21759,51.958225,51.7293,51.526108,51.345215,51.183975,51.040348,50.91272,50.79979,50.700527,50.614075,50.539734,50.476944,50.42525,50.384304,50.353825,50.333614,50.32354,50.32354,50.333614,50.353825,50.384304,50.42525,50.476944,50.539734,50.614075,50.700527,50.79979,50.91272,51.040348,51.183975,51.345215,51.526108,51.7293,51.958225,52.21759,52.51404,52.857483,53.263912,53.762253,54.41733,55.470905,,,,,,,,,,,,,,,,,,,,,,
90,,,,,,,,,,,,,,,,,,,,,,,,,57.320305,56.422066,55.806778,55.32682,54.931545,54.596317,54.306923,54.054268,53.832207,53.636265,53.463154,53.31035,53.175884,53.058235,52.95615,52.86865,52.794933,52.73437,52.686478,52.65087,52.62728,52.61553,52.61553,52.62728,52.65087,52.686478,52.73437,52.794933,52.86865,52.95615,53.058235,53.175884,53.31035,53.463154,53.636265,53.832207,54.054268,54.306923,54.596317,54.931545,55.32682,55.806778,56.422066,57.320305,,,,,,,,,,,,,,,,,,,,,,,,
91,,,,,,,,,,,,,,,,,,,,,,,,,,,59.599327,58.72494,58.111412,57.630405,57.234455,56.899685,56.612152,56.36281,56.14545,55.955624,55.790005,55.646095,55.52194,55.416004,55.3271,55.254276,55.196823,55.154186,55.125973,55.111927,55.111927,55.125973,55.154186,55.196823,55.254276,55.3271,55.416004,55.52194,55.646095,55.790005,55.955624,56.14545,56.36281,56.612152,56.899685,57.234455,57.630405,58.111412,58.72494,59.599327,,,,,,,,,,,,,,,,,,,,,,,,,,
92,,,,,,,,,,,,,,,,,,,,,,,,,,,,,62.37235,61.413742,60.75866,60.25244,59.840595,59.496216,59.20375,58.953266,58.737988,58.553127,58.39513,58.26133,58.149708,58.058712,57.987183,57.934246,57.89928,57.881897,57.881897,57.89928,57.934246,57.987183,58.058712,58.149708,58.26133,58.39513,58.553127,58.737988,58.953266,59.20375,59.496216,59.840595,60.25244,60.75866,61.413742,62.37235,,,,,,,,,,,,,,,,,,,,,,,,,,,,
93,,,,,,,,,,,,,,,,,,,,,,,,,,,,,,,66.03198,64.7035,63.918568,63.341618,62.886223,62.514313,62.205135,61.946056,61.728664,61.54717,61.397408,61.276356,61.181816,61.11218,61.066338,61.043583,61.043583,61.066338,61.11218,61.181816,61.276356,61.397408,61.54717,61.728664,61.946056,62.205135,62.514313,62.886223,63.341618,63.918568,64.7035,66.03198,,,,,,,,,,,,,,,,,,,,,,,,,,,,,,
94,,,,,,,,,,,,,,,,,,,,,,,,,,,,,,,,,,69.39668,68.043976,67.247185,66.67092,66.22545,65.87087,65.585526,65.356255,65.174515,65.0346,64.93259,64.8659,64.83293,64.83293,64.8659,64.93259,65.0346,65.174515,65.356255,65.585526,65.87087,66.22545,66.67092,67.247185,68.043976,69.39668,,,,,,,,,,,,,,,,,,,,,,,,,,,,,,,,,
95,,,,,,,,,,,,,,,,,,,,,,,,,,,,,,,,,,,,,,73.64963,72.26156,71.48149,70.94601,70.558464,70.276855,70.07915,69.952934,69.89137,69.89137,69.952934,70.07915,70.276855,70.558464,70.94601,71.48149,72.26156,73.64963,,,,,,,,,,,,,,,,,,,,,,,,,,,,,,,,,,,,,
96,,,,,,,,,,,,,,,,,,,,,,,,,,,,,,,,,,,,,,,,,,,,,,,,,,,,,,,,,,,,,,,,,,,,,,,,,,,,,,,,,,,,,,,,,,,,
97,,,,,,,,,,,,,,,,,,,,,,,,,,,,,,,,,,,,,,,,,,,,,,,,,,,,,,,,,,,,,,,,,,,,,,,,,,,,,,,,,,,,,,,,,,,,
98,,,,,,,,,,,,,,,,,,,,,,,,,,,,,,,,,,,,,,,,,,,,,,,,,,,,,,,,,,,,,,,,,,,,,,,,,,,,,,,,,,,,,,,,,,,,
99,,,,,,,,,,,,,,,,,,,,,,,,,,,,,,,,,,,,,,,,,,,,,,,,,,,,,,,,,,,,,,,,,,,,,,,,,,,,,,,,,,,,,,,,,,,,
100,,,,,,,,,,,,,,,,,,,,,,,,,,,,,,,,,,,,,,,,,,,,,,,,,,,,,,,,,,,,,,,,,,,,,,,,,,,,,,,,,,,,,,,,,,,,
101,,,,,,,,,,,,,,,,,,,,,,,,,,,,,,,,,,,,,,,,,,,,,,,,,,,,,,,,,,,,,,,,,,,,,,,,,,,,,,,,,,,,,,,,,,,,
102,,,,,,,,,,,,,,,,,,,,,,,,,,,,,,,,,,,,,,,,,,,,,,,,,,,,,,,,,,,,,,,,,,,,,,,,,,,,,,,,,,,,,,,,,,,,
103,,,,,,,,,,,,,,,,,,,,,,,,,,,,,,,,,,,,,,,,,,,,,,,,,,,,,,,,,,,,,,,,,,,,,,,,,,,,,,,,,,,,,,,,,,,,
